ten_san_pham,thuong_hieu,cpu,ram_gb,o_cung_gb,vga,gia_ban
Laptop Msi Prestige 13 AI+ Ukiyoe Edition A2VMG-075VN (Ultra 9-288V/ 32GB/ 2TB/ Win 11 Home),Msi,Core Ultra 9,32,2048,Onboard,51990000
Laptop Asus Vivobook S14 S3407CA-LY068WS (Ultra 5-225H/ 16GB/ 512GB/ Win 11 Home + Office + Microsoft),Asus,Core Ultra 5,16,512,Onboard,27990000
Laptop Lenovo IdeaPad Slim 3 15ARP10 - 83K700GDVN (R5 7535HS/ 16GB/ 512GB/ Win 11 Home SL),Lenovo,Ryzen 5,16,512,Onboard,19900000
Laptop Dell 15 DC15250 - CPH99 (i5-1334U/ 16GB/ 512GB/ Win 11 Home SL + Office),Dell,Core i5,16,512,Onboard,19090000
Laptop HP Victus 15 fa2731TX (B85LNPA) (i5-13420H/ GeForce RTX™ 3050/ 16GB/ 512GB/ Win 11 Home SL),Hp,Core i5,16,512,Onboard,27990000
Laptop Asus ROG Zephyrus G16 GU605CR-QR265WS (Ultra 9-285H/ GeForce RTX™ 5070Ti/ 32GB/ 1TB/ Win 11 Home),Asus,Core Ultra 9,32,1024,NVIDIA Card Rời,77990000
Laptop Asus Expertbook B1 BM1403CDA-S61611W (Ryzen 5 150/ 16GB/ 512GB/ Windows 11 Home Single Language),Asus,Ryzen 5,16,512,AMD Card Rời,16790000
Laptop HP 15-fc0024AU - D0BH2PA (Ryzen 5 7520U/ 16GB/ 512GB/ Windows 11 Home),Hp,Ryzen 5,16,512,Onboard,16590000
Laptop Lenovo ThinkPad T16 Gen 4 - 21QE000DVN (Ultra 7-255H/ 32GB/ 1TB/ Win 11 Pro),Lenovo,Core Ultra 7,32,1024,Onboard,43790000
Laptop Lenovo ThinkPad X1 Carbon Gen 13 - 21NS010CVN (Ultra 7-258V/ 32GB/ 1TB/ Win 11 Pro),Lenovo,Core Ultra 7,32,1024,Onboard,62890000
"Laptop Lenovo ThinkPad E14 Gen 7 - 21SX0030VN (Ultra 7-255H/ 16GB/ 1TB/ Windows 11 Home SL, English)",Lenovo,Core Ultra 7,16,1024,Onboard,33390000
Laptop Dell Pro 14 E PV14250 PV14250-150U-161TBW (Core 7 150U/ 16GB/ 1TB/ Windows 11 Home Single Langua),Dell,Core i7,16,1024,Onboard,29990000
Laptop Acer Aspire Go 14 AG14-72P-563L (Core 5 120U/ 16GB/ 512GB/ Windows 11 Home SL),Acer,Core i5,16,512,Onboard,24990000
Laptop Lenovo ThinkPad X1 2-in-1 Gen 10 - 21NU004TVN (Ultra 7-258V/ 32GB/ 1TB/ Windows 11 Pro),Lenovo,Core Ultra 7,32,1024,Onboard,66490000
Laptop Lenovo Ideapad Slim 3 16ARP10 - 83K8008WVN (Ryzen 7 7735HS/ 24GB/ 512GB/ Win 11 Home SL),Lenovo,Ryzen 7,24,512,AMD Card Rời,22490000
"Laptop Lenovo ThinkPad E14 Gen 7 - 21SX005NVN (Ultra 5-225U/ 16GB/ 512GB/ Windows 11 Home SL, English)",Lenovo,Core Ultra 5,16,512,Onboard,26890000
"Laptop Lenovo ThinkPad E14 Gen 7 - 21U2003QVN (Ultra 5-226V/ 16GB/ 512GB/ Windows 11 Home SL, English)",Lenovo,Core Ultra 5,16,512,Onboard,27090000
"Laptop Lenovo ThinkBook 14 G8 IAL - 21SJ00EAVN (Ultra 5-135H/ 16GB/ 512GB/ Win 11 Home SL, English)",Lenovo,Core Ultra 5,16,512,Onboard,23290000
Laptop Lenovo V14 G5 IRL - 83HD0035VN (Core 7 240H/ 16GB/ 512GB/ Windows 11 Home SL),Lenovo,Core i7,16,512,Onboard,22490000
Laptop Asus Zenbook 14 UM3406GA-QD073WS (Ryzen AI 7 445/ 32GB/ 1TB/ Win 11 Home + Office + Microsoft),Asus,Ryzen 7,32,1024,AMD Card Rời,39990000
Laptop Asus ExpertBook P1 P1503CVA-C5H16-63WS (Core 5 210H/ 16GB/ 512GB/ Win 11 Home + Office + Microsoft),Asus,Core i5,16,512,Onboard,23490000
Laptop Asus ExpertBook P1 P1403CVA-C5H16-63WS (Core 5 210H/ 16GB/ 512GB/ Win 11 Home + Office + Microsoft),Asus,Core i5,16,512,Onboard,23490000
Laptop Asus Zenbook 14 UM3406GA-QD075WS (Ryzen AI 7 445/ 16GB/ 512GB/ Win 11 Home + Office + Microsoft),Asus,Ryzen 7,16,512,AMD Card Rời,32990000
Laptop Asus ExpertBook P5 P5405CSA-NZ0017W (Ultra 7-258V/ 32GB/ 1TB/ Win 11 Home),Asus,Core Ultra 7,32,1024,Onboard,36990000
Laptop Asus Vivobook S14 M3407GA-SF030W (Ryzen AI 7 445/ 16GB/ 512GB/ Windows 11 Home),Asus,Ryzen 7,16,512,AMD Card Rời,30990000
Laptop Acer Nitro ProPanel ANV16-72-782F (Core 7 240H/ GeForce RTX™ 5050/ 16GB/ 512GB/ Windows 11 Home Single Language),Acer,Core i7,16,512,NVIDIA Card Rời,42990000
Laptop Acer Nitro ProPanel ANV15-52-74UM (Core 7 240H/ GeForce RTX™ 3050/ 16GB/ 512GB/ Win 11 Home SL),Acer,Core i7,16,512,NVIDIA Card Rời,36490000
Laptop Acer Nitro ProPanel ANV15-52-59RR (Core 5 210H/ GeForce RTX™ 5050/ 16GB/ 512GB/ Win 11 Home SL),Acer,Core i5,16,512,NVIDIA Card Rời,39990000
Laptop Acer Aspire Lite 15 AL15-42P-R8E6 (Ryzen 5 7430U/ 16GB/ 512GB/ Win 11 Home SL + Office + Microsoft),Acer,Ryzen 5,16,512,AMD Card Rời,16190000
Laptop HP 250R G9 - AX3C8AT (i3-1315U/ 8GB/ 512GB/ Windows 11 Home Single Language 64-bit),Hp,Core i3,8,512,Onboard,15390000
Laptop Gigabyte Gaming A16 CMHI2VN894SH (i7-13620H/ GeForce RTX™ 4050/ 16GB/ 1TB/ Windows 11 Home SL),Gigabyte,Core i7,16,1024,NVIDIA Card Rời,32990000
Laptop HP 250 G10 - B73TQAT (i3-1315U/ 8GB/ 512GB/ Windows 11 Home Single Language 64-bit),Hp,Core i3,8,512,Onboard,15390000
Laptop Lenovo Legion Pro 7 16IAX10H - 83F500JGVN (Ultra 9 275HX/ GeForce RTX™ 5070Ti/ 32GB/ 1TB) (FIFA World Cup 26™ Edition),Lenovo,Core Ultra 9,32,1024,NVIDIA Card Rời,85990000
Laptop Acer Nitro ProPanel ANV15-52-73Z8 (Core 7 240H/ GeForce RTX™ 4050/ 16GB/ 512GB/ Win 11 Home SL),Acer,Core i7,16,512,NVIDIA Card Rời,38490000
Laptop Acer Nitro ProPanel ANV15-52-50VA (Core 5 210H/ GeForce RTX™ 3050/ 16GB/ 512GB/ Win 11 Home SL),Acer,Core i5,16,512,NVIDIA Card Rời,33490000
Laptop Acer Aspire Go 15 AG15-72P-54GY (Core 5 120U/ 16GB/ 512GB/ Windows 11),Acer,Core i5,16,512,Onboard,24990000
Laptop Acer Aspire Go 15 AG15-72P-35X9 (i3-1305U/ 8GB/ 256GB/ Windows 11),Acer,Core i3,8,256,Onboard,12890000
Laptop Asus Vivobook 16 X1607CA-MB980W (Ultra 5-225H/ 16GB/ 512GB/ Windows 11 Home SL),Asus,Core Ultra 5,16,512,Onboard,25990000
Laptop Asus Vivobook 15 X1504VA-BQ265W (Core 5 120U/ 16GB/ 512GB/ Win 11 Home),Asus,Core i5,16,512,Onboard,22990000
Laptop Asus Gaming V16 V3607VJ-RP071W (Core 5 210H/ GeForce RTX™ 3050/ 16GB/ 512GB/ Win 11 Home),Asus,Core i5,16,512,NVIDIA Card Rời,29990000
Laptop Asus Vivobook 14 X1404VA-EB355W (Core 7 150U/ 16GB/ 512GB/ Win 11 Home),Asus,Core i7,16,512,Onboard,25990000
Laptop Dell 15 DC15250-i7U161W11SLU-5 (i7-1355U/ 16GB/ 1TB/ Win 11 Home SL + Office + Microsoft),Dell,Core i7,16,1024,Onboard,24490000
Laptop Asus Vivobook 14 M1405NAQ-LY010W (Ryzen 5 150/ 16GB/ 512GB/ Windows 11 Home),Asus,Ryzen 5,16,512,AMD Card Rời,20590000
Laptop Asus Vivobook 15 M1502NAQ-BQ031W (Ryzen 7 170/ 16GB/ 512GB/ Windows 11 Home),Asus,Ryzen 7,16,512,AMD Card Rời,21690000
Laptop Asus Zenbook S 16 UM5606GA-SS384WS (Ryzen AI 9 465/ 32GB/ 1TB/ Windows 11 Home + Office + Microsoft),Asus,Ryzen 9,32,1024,AMD Card Rời,52990000
Laptop Dell 14 DC14255-YKMXX (Ryzen 5 220/ 16GB/ 512GB/ Win 11 Home + Office),Dell,Ryzen 5,16,512,AMD Card Rời,18490000
Laptop Dell 16 Plus DB16250 - X65NW7 (Ultra 7-256V/ 16GB/ 1TB/ Win 11 Home + Office),Dell,Core Ultra 7,16,1024,Onboard,35990000
Laptop Dell 16 Plus DB16250 - X65NW9 (Ultra 9-288V/ 32GB/ 2TB/ Win 11 Home + Office),Dell,Core Ultra 9,32,2048,Onboard,49990000
Laptop Dell 14 DC14255-R7165W11SLU (Ryzen 7 250/ 16GB/ 512GB/ Win 11 Home + Office + Microsoft),Dell,Ryzen 7,16,512,AMD Card Rời,22490000
Laptop Dell 14 DC14250 - C3U085W11SLU (Core 3 100U/ 8GB/ 512GB/ Win 11 Home + Office + Microsoft),Dell,Core i3,8,512,Onboard,14790000
Laptop Msi Prestige 14 AI+ Evo C2VMG-020VN (Ultra 7-258V/ 32GB/ 1TB/ Win 11 Home),Msi,Core Ultra 7,32,1024,Onboard,35990000
Laptop Msi Modern 15 H AI C2HMG-220VN (Ultra 7-255H/ 16GB/ 512GB/ Win 11 Home SL),Msi,Core Ultra 7,16,512,Onboard,24990000
Laptop Msi Modern 15 H C2RMG-287VN (Core 7 240H/ 16GB/ 1TB/ Win 11 Home SL),Msi,Core i7,16,1024,Onboard,24990000
Laptop Asus ROG Strix G16 G614PH-S5101W (Ryzen 9 8940HX/ GeForce RTX™ 5050/ 16GB/ 512GB/ Win 11 Home),Asus,Ryzen 9,16,512,NVIDIA Card Rời,43990000
Laptop Acer Nitro ProPanel AN16S-61-R193 (Ryzen AI 9 365/ GeForce RTX™ 5070/ 16GB/ 512GB/ Win 11 Home SL),Acer,Ryzen 9,16,512,NVIDIA Card Rời,60990000
Laptop Acer Aspire 7 A715-59G-78WG (i7-13620H/ GeForce RTX™ 3050/ 16GB/ 512GB/ Win 11 Home SL),Acer,Core i7,16,512,NVIDIA Card Rời,30990000
Laptop Acer Aspire 7 A715-59G-55MD (i5-13420H/ GeForce RTX™ 3050/ 16GB/ 512GB/ Win 11 Home SL),Acer,Core i5,16,512,NVIDIA Card Rời,28990000
Laptop Lenovo LOQ 15ARP10E - 83S0006QVN (Ryzen 7 7735HS/ GeForce RTX™ 3050/ 16GB/ 512GB/ Win 11 Home SL),Lenovo,Ryzen 7,16,512,NVIDIA Card Rời,29490000
Laptop Dell 14 DC14250 DC4C5386W (Core 5 120U/ 16GB/ 512GB/ Win 11 Home SL + Office),Dell,Core i5,16,512,Onboard,19690000
Laptop Asus TUF Gaming F16 FX608JH-RV131W (i5-13450HX/ GeForce RTX™ 5050/ 32GB/ 512GB/ Win 11 Home),Asus,Core i5,32,512,NVIDIA Card Rời,32990000
Laptop Asus ROG Zephyrus G14 GA403WW-QS145WS (Ryzen AI 9 HX 370/ GeForce RTX™ 5080/ 32GB/ 2TB/ Win 11 Home + Office + Microsoft),Asus,Ryzen 9,32,2048,NVIDIA Card Rời,84990000
Laptop Lenovo LOQ 15ARP10E - 83S0004FVN (Ryzen 7 7735HS/ GeForce RTX™ 4050/ 16GB/ 512GB/ Win 11 Home SL),Lenovo,Ryzen 7,16,512,NVIDIA Card Rời,28990000
Laptop Acer Nitro Lite 16 NL16-71G-71FN (i7-13620H/ GeForce RTX™ 4050/ 16GB/ 512GB/ Win 11 Home SL),Acer,Core i7,16,512,NVIDIA Card Rời,33990000
Laptop Acer Swift Edge 14 AI SFE14-51T-52KD (Ultra 5-228V/ 32GB/ 512GB/ Win 11 Home SL),Acer,Core Ultra 5,32,512,Onboard,42990000
Laptop Lenovo Ideapad Slim 5 14AKP10 - 83HX00ABVN (Ryzen AI 5 330/ 16GB/ 512GB/ Win 11 Home SL),Lenovo,Ryzen 5,16,512,AMD Card Rời,23490000
Laptop Lenovo IdeaPad Slim 3 15ARP10 - 83K700EWVN (Ryzen 7 7735HS/ 16GB/ 512GB/ Win 11 Home SL),Lenovo,Ryzen 7,16,512,AMD Card Rời,21490000
Laptop Lenovo IdeaPad Slim 3 15ARP10 - 83K700EVVN (R7 7735HS/ 24GB/ 512GB/ Win 11 Home SL),Lenovo,Ryzen 7,24,512,AMD Card Rời,21990000
Laptop Dell Pro 14 PC14250 - 42LTU7PC14250 (Ultra 7-255U/ 16GB/ 512GB/ Win 11 Pro),Dell,Core Ultra 7,16,512,Onboard,35390000
Laptop HP Victus 15 fa2732TX - B85LPPA (i5-13420H/ GeForce RTX™ 4050/ 16GB/ 512GB/ Win 11 Home SL),Hp,Core i5,16,512,NVIDIA Card Rời,26790000
Laptop HP OmniBook 5 Flip 14-fp0057TU - BZ7Q6PA (Core 5 120U/ 16GB/ 512GB/ Win 11 Home SL + Office),Hp,Core i5,16,512,Onboard,26590000
Laptop HP OmniBook 5 Flip 14-fp0055TU - BZ7Q4PA (Core 7 150U/ 24GB/ 512GB/ Win 11 Home SL + Office),Hp,Core i7,24,512,Onboard,30790000
Laptop HP 14 ep1179TU - C89ZSPA (Core 5 120U/ 16GB/ 512GB/ Win 11 Home SL),Hp,Core i5,16,512,Onboard,18690000
Laptop HP 15-fd0823TU - C81NMPA (i7-1355U/ 16GB/ 512GB/ Win 11 Home),Hp,Core i7,16,512,Onboard,22090000
Laptop Acer Nitro ProPanel ANV16S-41-R337 (Ryzen 7-260/ GeForce RTX™ 5050/ 16GB/ 1TB/ Win 11 Home SL),Acer,Ryzen 3,16,1024,NVIDIA Card Rời,43990000
Laptop Gigabyte Gaming A16 CTHH3VN893SH (i5-13420H/ GeForce RTX™ 5050/ 16GB/ 512GB/ Win 11 Home SL),Gigabyte,Core i5,16,512,NVIDIA Card Rời,31490000
Laptop Gigabyte AERO-X16 X161VH93VNC64AH (Ryzen AI 7 350/ GeForce RTX™ 5060/ 32GB/ 1TB/ Win 11 Home SL),Gigabyte,Ryzen 7,32,1024,NVIDIA Card Rời,45990000
Laptop Gigabyte Gaming A16 CTHI3VN893SH (i7-13620H/ GeForce RTX™ 5050/ 16GB/ 512GB/ Win 11 Home SL),Gigabyte,Core i3,16,512,NVIDIA Card Rời,33990000
Laptop Gigabyte Gaming A16 CWHI3VNC94SH (i7-13620H/ GeForce RTX™ 5070/ 16GB/ 1TB/ Win 11 Home SL),Gigabyte,Core i3,16,1024,NVIDIA Card Rời,43990000
Laptop Gigabyte Gaming A16 CVHI3VNC94SH (i7-13620H/ GeForce RTX™ 5060/ 16GB/ 1TB/ Win 11 Home SL),Gigabyte,Core i3,16,1024,NVIDIA Card Rời,38490000
Laptop HP 14 ep1178TU - C89ZRPA (Core 5 120U/ 16GB/ 1TB/ Win 11 Home SL),Hp,Core i5,16,1024,Onboard,19690000
Laptop HP 14 ep1137TU - C2CY8PA (Ultra 7-155H/ 16GB/ 512GB/ Win 11 Home SL),Hp,Core Ultra 7,16,512,Onboard,24590000
Laptop Msi Cyborg 15 A13UC-2088VN (i5-13420H/ GeForce RTX™ 3050/ 16GB/ 512GB/ Win 11 Home),Msi,Core i5,16,512,NVIDIA Card Rời,28690000
Laptop Msi Cyborg 15 B13WFKG-658VN (Core i7-13620H/ GeForce RTX™ 5060/ 16GB/ 1TB/ Win 11 Home),Msi,Core i7,16,1024,NVIDIA Card Rời,40490000
Laptop Msi Cyborg 15 A13VEK-2089VN (Core i7-13620H/ GeForce RTX™ 4050/ 16GB/ 512GB/ Win 11 Home),Msi,Core i7,16,512,NVIDIA Card Rời,33990000
Laptop Msi Cyborg 15 B13WEKG-676VN (i5-13420H/ GeForce RTX™ 5050/ 16GB/ 512GB/ Win 11 Home),Msi,Core i5,16,512,NVIDIA Card Rời,37490000
Laptop Dell Pro 14 Plus PB14250-235U-16512W (Ultra 5-235U/ 16GB/ 512GB/ Win 11 Home SL),Dell,Core Ultra 5,16,512,Onboard,34990000
Laptop Lenovo Legion 5 15IRX10 - 83LY00HRVN (i7-13650HX/ GeForce RTX™ 5050/ 16GB/ 512GB/ Win 11 Home SL + Office),Lenovo,Core i7,16,512,NVIDIA Card Rời,40990000
Laptop Acer Gaming Nitro V 15 - ANV15-41-R732 (Ryzen 5 6600H/ GeForce RTX™ 4050/ 16GB/ 512GB/ Win 11 Home SL),Acer,Ryzen 5,16,512,NVIDIA Card Rời,28990000
Laptop Asus TUF Gaming F16 FX607VJB-RL151W (Core 5 210H/ GeForce RTX™ 3050/ 16GB/ 512GB/ Win 11 Home),Asus,Core i5,16,512,NVIDIA Card Rời,24990000
Laptop HP 15-fc0656AU - C81NHPA (Ryzen 5 7430U/ 16GB/ 512GB/ Win 11 Home),Hp,Ryzen 5,16,512,AMD Card Rời,16090000
Laptop HP Elitebook X Flip G1i - B9FN2PT (Ultra 7-258V/ 32GB/ 1TB/ Windows 11 Pro),Hp,Core Ultra 7,32,1024,Onboard,57990000
Laptop HP ProBook 4 G1i - BQ5B4PT (Ultra 5-225H/ 16GB/ 512GB/ Win 11 Home SL),Hp,Core Ultra 5,16,512,Onboard,28990000
Laptop HP OmniBook 7 16-az0038TU - C2CX1PA (Core 5 210H/ 24GB/ 512GB/ Win 11 Home SL + Office),Hp,Core i5,24,512,Onboard,27590000
Laptop HP EliteBook 6 G1i - BQ9N5PT (Ultra 7-265U/ 16GB/ 512GB/ Win 11 Pro),Hp,Core Ultra 7,16,512,Onboard,40290000
Laptop HP EliteBook 6 G1i - BQ9N0PT (Ultra 5-235U/ 16GB/ 512GB/ Win 11 Pro),Hp,Core Ultra 5,16,512,Onboard,34690000
Laptop Msi Cyborg 15 A13UC-2082VN (i7-13620H/ GeForce RTX™ 3050/ 16GB/ 512GB/ Win 11 Home SEA),Msi,Core i7,16,512,NVIDIA Card Rời,30690000
MacBook Pro M5 14 inch 2025 (10 CPU/ 10 GPU/ 16GB/ 1TB),Apple,Không rõ,16,1024,Apple GPU,46899000
MacBook Pro M5 14 inch 2025 (10 CPU/ 10 GPU/ 16GB/ 512GB),Apple,Không rõ,16,512,Apple GPU,41999000
MacBook Pro M5 14 inch 2025 (10 CPU/ 10 GPU/ 24GB/ 1TB),Apple,Không rõ,24,1024,Apple GPU,51799000
Laptop Asus ROG Strix SCAR 18 G835LW-SA193W (Ultra 9 275HX/ GeForce RTX™ 5080/ 32GB/ 1TB/ Win 11 Home),Asus,Core Ultra 9,32,1024,NVIDIA Card Rời,88390000
Laptop HP OmniBook X Flip 14-fm0076TU - BZ7P6PA (Ultra 7-258V/ 32GB/ 512GB/ Win 11 Home SL + Office),Hp,Core Ultra 7,32,512,Onboard,37390000
Laptop HP OmniBook X Flip 14-fk0092AU - BZ7P5PA (Ryzen AI 5 340/ 16GB/ 512GB/ Win 11 Home SL + Office),Hp,Ryzen 5,16,512,AMD Card Rời,28690000
Laptop HP OmniBook 5 AI 16-af1052TU - C1MN6PA (Ultra 7-255U/ 32GB/ 512GB/ Win 11 Home SL + Office),Hp,Core Ultra 7,32,512,Onboard,31390000
Laptop HP OmniBook 5 AI 16-af1054TU - C1MN8PA (Ultra 7-255U/ 32GB/ 512GB/ Win 11 Home SL + Office),Hp,Core Ultra 7,32,512,Onboard,30590000
Laptop Dell 16 DC16250 - 71076092 (Core 5 120U/ 16GB/ 1TB/ Win 11 Home + Office + Microsoft),Dell,Core i5,16,1024,Onboard,25290000
Laptop Dell 16 Plus DB16250 - DB6U5387W1 (Ultra 5-226V/ 16GB/ 1TB/ Win 11 Home + Office + Microsoft),Dell,Core Ultra 5,16,1024,Onboard,30990000
Laptop Dell 16 DC16251 - DC6C7557W1 (Core 7 150U/ GeForce MX570A/ 16GB/ 1TB/ Win 11 Home + Office + Microsoft),Dell,Core i7,16,1024,Onboard,29990000
Laptop Dell 15 DC15250 - DC5I7748W1 (i7-1355U/ 16GB/ 512GB/ Win 11 Home SL + Office),Dell,Core i7,16,512,Onboard,21390000
Laptop Dell 16 DC16250 - C7U161W11BLU (Core 7 150U/ 16GB/ 1TB/ Win 11 Home + Office + Microsoft),Dell,Core i7,16,1024,Onboard,26990000
Laptop Dell 15 DC15250 - i7U161W11SLU (i7-1355U/ 16GB/ 1TB/ Win 11 Home SL + Office),Dell,Core i7,16,1024,Onboard,24490000
Laptop Acer Aspire 16 AI A16-71M-71U7 (Ultra 7-155H/ 16GB/ 512GB/ Win 11 Home SL),Acer,Core Ultra 7,16,512,Onboard,22590000
Laptop Lenovo Legion 5 15IRX10 - 83LY00HQVN (i7-13650HX/ GeForce RTX™ 5060/ 16GB/ 512GB/ Win 11 Home SL + Office),Lenovo,Core i7,16,512,NVIDIA Card Rời,45990000
Laptop Lenovo LOQ 15IRX10 - 83JE00PEVN (i7-13650HX/ GeForce RTX™ 5050/ 16GB/ 512GB/ Win 11 Home),Lenovo,Core i7,16,512,NVIDIA Card Rời,38990000
Laptop Msi Modern 15 F13MG-667VN_16G (i5-1334U/ 16GB/ 512GB/ Win 11 Home SL),Msi,Core i5,16,512,Onboard,18990000
Laptop Acer Nitro ProPanel AN16S-61-R5F4 (Ryzen AI 7 350/ GeForce RTX™ 5060/ 16GB/ 512GB/ Win 11 Home SL),Acer,Ryzen 5,16,512,NVIDIA Card Rời,52990000
Laptop Dell 15 DC15250 - CPH997 (i7-1355U/ 16GB/ 1TB/ Win 11 Home SL + Office),Dell,Core i7,16,1024,Onboard,22490000
"Laptop Lenovo LOQ 15ARP9 - 83JC00M3VN (Ryzen 5 7235HS/ GeForce RTX™ 3050/ 16GB/ 1TB/ Win 11 Home SL, English)",Lenovo,Ryzen 5,16,1024,NVIDIA Card Rời,29490000
"Laptop Lenovo LOQ 15ARP9 - 83JC00LVVN (Ryzen 5 7235HS/ GeForce RTX™ 3050/ 16GB/ 512GB/ Win 11 Home SL, English)",Lenovo,Ryzen 5,16,512,NVIDIA Card Rời,27490000
Laptop Acer Aspire Lite AL15-42P-R08M (Ryzen 7 7730U/ 16GB/ 512GB/ Win 11 Home SL + Office),Acer,Ryzen 7,16,512,AMD Card Rời,17490000
Laptop HP Omen 16-am0178TX - BX8Y4PA (Ultra 5-225H/ GeForce RTX™ 5060/ 16GB/ 512GB/ Win 11 Home SL),Hp,Core Ultra 5,16,512,NVIDIA Card Rời,40990000
Laptop HP OmniBook 7 Aero 13-bg1085AU - BZ7U6PA (Ryzen AI 7 350/ 16GB/ 512GB/ Win 11 Home + Office + Microsoft),Hp,Ryzen 7,16,512,AMD Card Rời,31190000
Laptop HP OmniBook 5 16-ag1068AU - BZ7T0PA (Ryzen AI 5 340/ 16GB/ 512GB/ Win 11 Home + Office + Microsoft),Hp,Ryzen 5,16,512,AMD Card Rời,26190000
Laptop HP OmniBook 7 14-fr0033TU - C1MN2PA (Ultra 5-225U/ 16GB/ 512GB/ Win 11 Home + Office + Microsoft),Hp,Core Ultra 5,16,512,Onboard,26490000
Laptop HP OmniBook 7 Aero 13-bg1083AU - BZ7R9PA (Ryzen AI 7 350/ 32GB/ 512GB/ Win 11 Home + Office + Microsoft),Hp,Ryzen 7,32,512,AMD Card Rời,32490000
Laptop HP OmniBook 5 16-ag1067AU - BZ7U5PA (Ryzen AI 7 350/ 16GB/ 512GB/ Win 11 Home + Office + Microsoft),Hp,Ryzen 7,16,512,AMD Card Rời,28190000
Laptop HP OmniBook 7 Aero 13-bg1087AU - BZ7S1PA (Ryzen AI 5 340/ 16GB/ 512GB/ Win 11 Home + Office + Microsoft),Hp,Ryzen 5,16,512,AMD Card Rời,27790000
Laptop HP Omen 16-am0180TX - BX8Y6PA (Ultra 5-225H/ GeForce RTX™ 5050/ 16GB/ 512GB/ Win 11 Home SL),Hp,Core Ultra 5,16,512,NVIDIA Card Rời,37990000
Laptop Asus ExpertBook P5 P5405CSA-NZ0016W (Ultra 5-226V/ 16GB/ 512GB/ Win 11 Home),Asus,Core Ultra 5,16,512,Onboard,29990000
Laptop Acer Nitro ProPanel ANV16S-61-R9ZV (Ryzen AI 7 350/ GeForce RTX™ 5060/ 32GB/ 1TB/ Win 11 Home SL),Acer,Ryzen 7,32,1024,NVIDIA Card Rời,55990000
Laptop Acer Nitro ProPanel ANV16S-61-R0B8 (Ryzen AI 5 340/ GeForce RTX™ 5050/ 16GB/ 512GB/ Win 11 Home SL),Acer,Ryzen 5,16,512,NVIDIA Card Rời,44990000
Laptop Dell 15 DC15255 - X9YM41 (Ryzen 7 7730U/ 16GB/ 1TB/ Win 11 Home SL + Office),Dell,Ryzen 7,16,1024,AMD Card Rời,21490000
Laptop Lenovo Yoga Slim 7-14IMH9 - 83CV00D8VN (Ultra 5-125H/ 16GB/ 1TB/ Win 11 Home + Office + Microsoft),Lenovo,Core Ultra 5,16,1024,Onboard,26990000
Laptop Lenovo LOQ 15AHP10 - 83JG0047VN (Ryzen 7 250/ GeForce RTX™ 5050/ 16GB/ 512GB/ Win 11 Home SL),Hp,Ryzen 7,16,512,NVIDIA Card Rời,36490000
Laptop Dell 15 DC15250 - 71071928 (i5-1334U/ 16GB/ 512GB/ Win 11 Home SL + Office),Dell,Core i5,16,512,Onboard,18490000
Laptop Lenovo Thinkpad X9-15 Gen 1 - 21Q60055VN (Ultra 7-258V/ 32GB/ 1TB/ Win 11 Pro),Lenovo,Core Ultra 7,32,1024,Onboard,56890000
Laptop Lenovo ThinkPad T14s Gen 6 - 21R10008VN (Ultra 7-255H/ 32GB/ 1TB/ Win 11 Pro),Lenovo,Core Ultra 7,32,1024,Onboard,51290000
Laptop Lenovo Thinkpad X9-14 Gen 1 - 21QA006HVN (Ultra 5-228V/ 32GB/ 1TB/ Win 11 Pro),Lenovo,Core Ultra 5,32,1024,Onboard,50790000
Laptop Lenovo ThinkPad X1 Carbon Gen 13 - 21NX003DVN (Ultra 5-225H/ 16GB/ 1TB/ Win 11 Pro),Lenovo,Core Ultra 5,16,1024,Onboard,49790000
Laptop Lenovo Thinkpad X9-14 Gen 1 - 21QA006GVN (Ultra 5-228V/ 32GB/ 1TB/ Win 11 Pro),Lenovo,Core Ultra 5,32,1024,Onboard,46790000
Laptop Lenovo Thinkpad X9-14 Gen 1 - 21QA006EVN (Ultra 5-226V/ 16GB/ 1TB/ Win 11 Pro),Lenovo,Core Ultra 5,16,1024,Onboard,44690000
Laptop Asus ROG Zephyrus G14 GA403WP-QS045WS (Ryzen AI 9 HX 370/ GeForce RTX™ 5070/ 32GB/ 1TB/ Win 11 Home + Office + Microsoft),Asus,Ryzen 9,32,1024,NVIDIA Card Rời,61990000
Laptop Asus TUF Gaming A15 FA506NCG-HN184W (Ryzen 7 7445HS/ GeForce RTX™ 3050/ 16GB/ 512GB/ Win 11 Home),Asus,Ryzen 7,16,512,NVIDIA Card Rời,22490000
Laptop Asus ROG Strix G16 G615LR-S5289W (Ultra 7-255HX/ GeForce RTX™ 5070Ti/ 16GB/ 1TB/ Win 11 Home),Asus,Core Ultra 7,16,1024,NVIDIA Card Rời,57990000
Laptop Dell DC15255 - DC5R5802W1 (Ryzen 5 7530U/ 16GB/ 512GB/ Win 11 Home SL + Office),Dell,Ryzen 5,16,512,AMD Card Rời,16990000
"Laptop Lenovo LOQ 15IRX9 - 83DV01ALVN (i7-13650HX/ GeForce RTX™ 4050/ 16GB/ 512GB/ Win 11 Home SL, English)",Lenovo,Core i7,16,512,NVIDIA Card Rời,33990000
Laptop Lenovo ThinkPad X9-15 Gen 1 - 21Q60051VN (Ultra 5-228V/ 32GB/ 1TB/ Win 11 Pro),Lenovo,Core Ultra 5,32,1024,Onboard,48990000
Laptop Lenovo ThinkPad X9-15 Gen 1 - 21Q6004YVN (Ultra 5-226V/ 16GB/ 1TB/ Win 11 Pro),Lenovo,Core Ultra 5,16,1024,Onboard,46990000
Laptop Asus Vivobook S16 S3607VA-RP056W (i7-13620H/ 16GB/ 512GB/ Win 11 Home),Asus,Core i7,16,512,Onboard,25990000
Laptop Asus Vivobook S16 S5606CA-RI171WS (Ultra 7-255H/ 16GB/ 512GB/ Win 11 Home + Office + Microsoft),Asus,Core Ultra 7,16,512,Onboard,31390000
Laptop Asus Vivobook Go 15 E1504FA-BQ1150W (Ryzen 5 7520U/ 16GB/ 512GB/ Win 11 Home),Asus,Ryzen 5,16,512,AMD Card Rời,14990000
Laptop Msi Modern 14 F13MG-466VN (i5-1334U/ 16GB/ 512GB/ Win 11 Home),Msi,Core i5,16,512,Onboard,18990000
Laptop Asus Vivobook S14 S3407VA-LY053W (i7-13620H/ 16GB/ 512GB/ Win 11 Home),Asus,Core i7,16,512,Onboard,25990000
Laptop Asus Vivobook S14 S3407VA-LY146W (Core 5 210H/ 16GB/ 512GB/ Win 11 Home),Asus,Core i5,16,512,Onboard,22990000
Laptop Acer Nitro ProPanel ANV15-41-R7CR (Ryzen 5 7535HS/ GeForce RTX™ 4050/ 16GB/ 512GB/ Win 11 Home SL),Acer,Ryzen 5,16,512,NVIDIA Card Rời,29990000
Laptop HP Envy X360 14-fc0155TU - AY8W3PA (Ultra 7-155U/ 16GB/ 1TB/ Win 11 Home SL + Office),Hp,Core Ultra 7,16,1024,Onboard,35190000
Laptop HP 14 ep1005TU - 9Z2W0PA (Core 7 150U/ 16GB/ 1TB/ Win 11 Home SL),Hp,Core i7,16,1024,Onboard,23090000
Laptop HP Elitebook 640 G11 - A7LB1PT (Ultra 5-125U/ 16GB/ 512GB/ Win 11 Home SL),Hp,Core Ultra 5,16,512,Onboard,26550000
Laptop HP Envy X360 14-fc0156TU - AY8W4PA (Ultra 7-155U/ 16GB/ 1TB/ Win 11 Home SL + Office),Hp,Core Ultra 7,16,1024,Onboard,35190000
Laptop HP 250 G10 - A06FFPT (i7-1355U/ 16GB/ 512GB/ Win 11 Home SL),Hp,Core i7,16,512,Onboard,24190000
Laptop Acer Nitro ProPanel ANV15-41-R0Y4 (Ryzen 7 7735HS/ GeForce RTX™ 4050/ 16GB/ 512GB/ Win 11 Home SL),Acer,Ryzen 7,16,512,NVIDIA Card Rời,34990000
Laptop Acer Gaming Predator Helios PHN16-73-757W (Ultra 7-255HX/ GeForce RTX™ 5060/ 32GB/ 1TB/ Win 11 Home SL),Acer,Core Ultra 7,32,1024,NVIDIA Card Rời,62990000
Laptop Acer Nitro ProPanel ANV15-52-72BM (i7-13620H/ GeForce RTX™ 5050/ 16GB/ 512GB/ Win 11 Home SL),Acer,Core i7,16,512,NVIDIA Card Rời,39990000
Laptop Acer Nitro ProPanel ANV15-52-59AA (Core i5-13420H/ GeForce RTX™ 5050/ 16GB/ 512GB/ Win 11 Home SL),Acer,Core i5,16,512,NVIDIA Card Rời,32990000
Laptop Asus Gaming V16 V3607VU-RP216W (Core 7 240H/ GeForce RTX™ 4050/ 16GB/ 512GB/ Win 11 Home),Asus,Core i7,16,512,NVIDIA Card Rời,30690000
Laptop Asus Vivobook Go 14 E1404FA-EB482W (Ryzen 5 7520U/ 16GB/ 512GB/ Win 11 Home),Asus,Ryzen 5,16,512,AMD Card Rời,14990000
Laptop Asus Vivobook S16 S3607CA-SH083WS (Ultra 7-255H/ 16GB/ 512GB/ Win 11 Home + Office + Microsoft),Asus,Core Ultra 7,16,512,Onboard,27990000
Laptop HP Victus 15-fb3116AX - BX8U4PA (Ryzen 7 7445HS/ GeForce RTX™ 3050/ 16GB/ 512GB/ Win 11 Home),Hp,Ryzen 7,16,512,NVIDIA Card Rời,27490000
Laptop Asus Vivobook S16 S3607CA-SH082WS (Ultra 5-225H/ 16GB/ 512GB/ Win 11 Home + Office + Microsoft),Asus,Core Ultra 5,16,512,Onboard,23990000
Laptop Asus Vivobook S16 S3607QA-SH040WS (Snapdragon X X1 26 100/ 16GB/ 512GB/ Win 11 Home + Office + Microsoft),Asus,Không rõ,16,512,Onboard,23490000
Laptop Asus Vivobook S14 S3407QA-SF043WS (Snapdragon X X1 26 100/ 16GB/ 512GB/ Win 11 Home + Office + Microsoft),Asus,Không rõ,16,512,Onboard,25990000
Laptop Asus Vivobook S14 M3407KA-SF034WS (Ryzen AI 5 330/ AMD Radeon 16GB/ 512GB/ Windows 11 + Office + Microsoft),Asus,Ryzen 5,16,512,AMD Card Rời,24990000
Laptop HP Omni 5 16-af1046TU - BZ7Q8PA (Ultra 5-225U/ 16GB/ 512GB/ Win 11 Home SL + Office),Hp,Core Ultra 5,16,512,Onboard,25690000
Laptop HP Omnibook 5 16-af1048TU - BZ7Q9PA (Ultra 5-225U/ 16GB/ 512GB/ Win 11 Home SL + Office),Hp,Core Ultra 5,16,512,Onboard,24890000
Laptop HP Victus 15-fb3115AX - BX9C9PA (Ryzen 7 7445HS/ GeForce RTX™ 4050/ 16GB/ 512GB/ Win 11 Home),Hp,Ryzen 7,16,512,NVIDIA Card Rời,29690000
Laptop Msi Katana B14WFK-267VN (i7-14650HX/ GeForce RTX™ 5060/ 32GB/ 512GB/ Win 11 Home),Msi,Core i7,32,512,NVIDIA Card Rời,51990000
Laptop Asus Vivobook 14 X1404VA-EB509W (i3-1315U/ 8GB/ 512GB/ Win 11 Home),Asus,Core i3,8,512,Onboard,16990000
Laptop Msi Katana B14WEK-286VN (i5-14450HX/ GeForce RTX™ 5050/ 16GB/ 512GB/ Win 11 Home),Msi,Core i5,16,512,NVIDIA Card Rời,41990000
Laptop Asus Gaming V16 V3607VU-RP343W (Core 5 210H/ GeForce RTX™ 4050/ 16GB/ 512GB/ Win 11 Home),Asus,Core i5,16,512,NVIDIA Card Rời,26990000
Laptop Asus Zenbook 14 UX3405CA-PZ188WS (Ultra 7-255H/ 32GB/ 1TB/ Win 11 Home + Office + Microsoft),Asus,Core Ultra 7,32,1024,Onboard,38390000
Laptop Asus TUF Gaming F16 FX608JH-RV039W (i5-13450HX/ GeForce RTX™ 5050/ 16GB/ 1TB/ Win 11 Home),Asus,Core i5,16,1024,NVIDIA Card Rời,33390000
Laptop Asus ROG Zephyrus G14 GA403WM-QS051WS (Ryzen AI 9 HX 370/ GeForce RTX™ 5060/ 32GB/ 1TB/ Win 11 Home + Office + Microsoft),Asus,Ryzen 9,32,1024,NVIDIA Card Rời,58990000
Laptop Asus TUF Gaming A14 FA401KM-RG010WS (Ryzen AI 7 350/ GeForce RTX™ 5060/ 32GB/ 1TB/ Win 11 Home + Office + Microsoft),Asus,Ryzen 7,32,1024,NVIDIA Card Rời,45190000
Laptop Asus ROG Strix G16 G615JPR-S5107W (i7-14650HX/ GeForce RTX™ 5070/ 32GB/ 1TB/ Win 11 Home),Asus,Core i7,32,1024,NVIDIA Card Rời,51090000
Laptop Asus Vivobook 15 X1504VA-BQ165W (Core 5 120U/ 16GB/ 512GB/ Win 11 Home),Asus,Core i5,16,512,Onboard,20990000
Laptop Asus ROG Flow Z13 GZ302EA-RU145WS (AI MAX+ 395/ 128GB/ 1TB/ Win 11 Home + Office + Microsoft),Asus,Không rõ,Không rõ,128,AMD Card Rời,94990000
Laptop Asus ROG Zephyrus G16 GU605CM-QR078W (Ultra 9-285H/ GeForce RTX™ 5060/ 32GB/ 1TB/ Win 11 Home),Asus,Core Ultra 9,32,1024,NVIDIA Card Rời,63990000
Laptop Asus Gaming V16 V3607VH-RP025W (Core 7 240H/ GeForce RTX™ 5050/ 16GB/ 512GB/ Win 11 Home),Asus,Core i7,16,512,NVIDIA Card Rời,33990000
Laptop Asus ROG Zephyrus G14 GA403WR-QS156WS (Ryzen AI 9 HX 370/ GeForce RTX™ 5070Ti/ 32GB/ 1TB/ Win 11 Home + Office + Microsoft),Asus,Ryzen 9,32,1024,NVIDIA Card Rời,71690000
Laptop Asus TUF Gaming F16 FX608JPR-RV044W (i7-14650HX/ GeForce RTX™ 5070/ 16GB/ 1TB/ Win 11 Home),Asus,Core i7,16,1024,NVIDIA Card Rời,45190000
Laptop LG Gram Book 15U50T-G.AV56A5 (i5-1334U/ 16GB/ 512GB/ Win 11 Home),Lg,Core i5,16,512,Onboard,16990000
Laptop Lenovo Yoga Slim 7 14ILL10 OLED - 83JX0086VN (Ultra 5-226V/ 16GB/ 512GB/ Win 11 Home + Office + Microsoft),Lenovo,Core Ultra 5,16,512,Onboard,29990000
Laptop Lenovo Legion 5 15IRX10 - 83LY004GVN (i7-14700HX/ GeForce RTX™ 5070/ 24GB/ 1TB/ Win 11 Home SL + Office),Lenovo,Core i7,24,1024,NVIDIA Card Rời,51490000
Laptop Asus TUF Gaming F16 FX607VJ-RL034W (Core 5 210H/ GeForce RTX™ 3050/ 16GB/ 512GB/ Win 11 Home),Asus,Core i5,16,512,NVIDIA Card Rời,24490000
Laptop Asus Vivobook 16X K3605VC-RP491W (Core i7-13620H/ GeForce RTX™ 3050/ 16GB/ 512GB/ Win 11 Home),Asus,Core i7,16,512,NVIDIA Card Rời,22990000
Laptop Asus ROG Strix G16 G615JMR-S5155W (i7-14650HX/ GeForce RTX™ 5060/ 32GB/ 1TB/ Win 11 Home),Asus,Core i7,32,1024,NVIDIA Card Rời,46990000
Laptop Msi Venture A15 AI A2HMG-003VN (Ryzen 7-260/ 16GB/ 512GB/ Win 11 Home SEA),Msi,Ryzen 7,16,512,AMD Card Rời,22490000
Laptop Msi Katana 15 HX B14WEK-027VN (i7-14650HX/ GeForce RTX™ 5050/ 32GB/ 512GB/ Win 11 Home),Msi,Core i7,32,512,NVIDIA Card Rời,49990000
Laptop Acer Aspire Lite 16 Gen 2 AL16-52P-572A (i5-1334U/ 16GB/ 512GB/ Win 11 Home SL),Acer,Core i5,16,512,Onboard,16390000
Laptop Acer Aspire Lite 14 AL14-71P-55P9 (i5-13500H/ 16GB/ 512GB/ Win 11 Home SL),Acer,Core i5,16,512,Onboard,19990000
Laptop Acer Aspire Lite 15 AL15-72P-581V (i5-13500H/ 16GB/ 512GB/ Win 11 Home SL),Acer,Core i5,16,512,Onboard,18990000
Laptop Msi Crosshair 16 HX AI D2XWGKG-034VN (Ultra 7-255HX/ GeForce RTX™ 5070/ 16GB/ 1TB/ Win 11 Home SL),Msi,Core Ultra 7,16,1024,NVIDIA Card Rời,59990000
Laptop Dell Inspiron 5441 - 5MNK1 (Snapdragon X1P 64 100/ 16GB/ 512GB/ Win 11 Home SL + Office),Dell,Không rõ,16,512,Onboard,28990000
Laptop Lenovo Yoga 7 2-in-1 14ILL10 - 83JQ0093VN (Ultra 7-258V/ 32GB/ 1TB/ Win 11 Home + Office + Microsoft),Lenovo,Core Ultra 7,32,1024,Onboard,39990000
Laptop Asus Gaming V16 V3607VH-RP024W (Core 5 210H/ GeForce RTX™ 5050/ 16GB/ 512GB/ Win 11 Home),Asus,Core i5,16,512,NVIDIA Card Rời,28990000
"Laptop Lenovo ThinkBook 14 G8 IAL - 21SJ0070VN (Ultra 5-225H/ 16GB/ 512GB/ Win 11 Home SL, English)",Lenovo,Core Ultra 5,16,512,Onboard,22990000
"Laptop Lenovo IdeaPad Flex 5 14ABR8 - 82XX00FWVN (Ryzen 7 5825U/ 16GB/ 512GB/ Win 11 Home SL, English)",Lenovo,Ryzen 7,16,512,AMD Card Rời,18990000
Laptop Asus Vivobook 15 OLED A1505VA-L1688W (i7-13620H/ 16GB/ 512GB/ Win 11 Home),Asus,Core i7,16,512,Onboard,20490000
"Laptop Lenovo IdeaPad Flex 5 14ABR8 - 82XX00FVVN (Ryzen 5 5625U/ 16GB/ 512GB/ Win 11 Home SL, English)",Lenovo,Ryzen 5,16,512,AMD Card Rời,16990000
Laptop Asus TUF Gaming F16 FX608JMR-RV048W (i7-14650HX/ GeForce RTX™ 5060/ 16GB/ 1TB/ Win 11 Home),Asus,Core i7,16,1024,NVIDIA Card Rời,40290000
Laptop Acer Aspire 5 A515-58P-702Q (i7-13620H/ 16GB/ 512GB/ Win 11 Home SL),Acer,Core i7,16,512,Onboard,18690000
Laptop Asus TUF Gaming F16 FX608JHR-RV037W (i7-14650HX/ GeForce RTX™ 5050/ 16GB/ 1TB/ Win 11 Home),Asus,Core i7,16,1024,NVIDIA Card Rời,38290000
Laptop Asus Gaming V16 V3607VM-RP044W (Core 7 240H/ GeForce RTX™ 5060/ 16GB/ 512GB/ Win 11 Home),Asus,Core i7,16,512,NVIDIA Card Rời,37990000
Laptop Acer Aspire Lite 14 - AL14-52M-32KV (i3-1305U/ 8GB/ 256GB/ Win 11 Home SL),Acer,Core i3,8,256,Onboard,12890000
"Laptop Lenovo V14 G4 IRU - 83A000FQVN (Core i5-13420H/ 16GB/ 512GB/ Win 11 Home SL, English)",Lenovo,Core i5,16,512,Onboard,16990000
Laptop Asus Vivobook S S3407CA-LY095WS (Ultra 5-225H/ 16GB/ 512GB/ Win 11 Home + Office + Microsoft),Asus,Core Ultra 5,16,512,Onboard,27990000
Laptop Asus Vivobook S S3407CA-LY096WS (Ultra 7-255H/ 16GB/ 512GB/ Win 11 Home + Office + Microsoft),Asus,Core Ultra 7,16,512,Onboard,30990000
Laptop Gigabyte Gaming A16 CMHI2VN893SH (i7-13620H/ GeForce RTX™ 4050/ 16GB/ 512GB/ Win 11 Home SL),Gigabyte,Core i7,16,512,NVIDIA Card Rời,31990000
Laptop Gigabyte Gaming A16 CMHH2VN893SH (Core i5-13420H/ GeForce RTX™ 4050/ 16GB/ 512GB/ Win 11 Home SL),Gigabyte,Core i5,16,512,NVIDIA Card Rời,29490000
Laptop Msi Katana 15 B13UDXK-2410VN (Core i5-13420H/ GeForce RTX™ 3050/ 16GB/ 512GB/ Win 11 Home SL),Msi,Core i5,16,512,NVIDIA Card Rời,22490000
Laptop Asus ExpertBook P1 P1403CVA-S61134W (Core i5-13420H/ 16GB/ 512GB/ Win 11 Home),Asus,Core i5,16,512,Onboard,17990000
Laptop Asus TUF Gaming F16 FX607VU-RL045W (Core 5 210H/ GeForce RTX™ 4050/ 16GB/ 512GB/ Win 11 Home),Asus,Core i5,16,512,NVIDIA Card Rời,28990000
Laptop Acer Swift Go 14 SFG14-41-R251 (Ryzen 5 7430U/ 16GB/ 1TB/ Win 11 Home),Acer,Ryzen 5,16,1024,AMD Card Rời,19990000
Laptop Asus Vivobook X1404VA-NK394W (i3-1315U/ 8GB/ 512GB/ Win 11 Home),Asus,Core i3,8,512,Onboard,12890000
Laptop HP Victus 16-r0298TX - AE0N5PA (i5-13500HX/ GeForce RTX™ 4060/ 16GB/ 512GB/ Win 11 Home SL),Hp,Core i5,16,512,NVIDIA Card Rời,35290000
Laptop Asus ExpertBook B3405CCA-LY0080W (Ultra 7-255H/ 16GB/ 512GB/ Win 11 Home),Asus,Core Ultra 7,16,512,Onboard,28490000
Laptop Asus ExpertBook B3405CCA-LY0077W (Ultra 5-225H/ 16GB/ 512GB/ Win 11 Home),Asus,Core Ultra 5,16,512,Onboard,24490000
Laptop Acer Nitro Lite 16 NL16-71G-71UJ (i7-13620H/ GeForce RTX™ 3050/ 16GB/ 512GB/ Win 11 Home SL),Acer,Core i7,16,512,NVIDIA Card Rời,31590000
Laptop Acer Aspire Lite 16 G2 AL16-52P-76DU (i7-1355U/ 16GB/ 512GB/ Win 11 Home SL),Acer,Core i7,16,512,Onboard,19990000
Laptop Acer Aspire 14 AI A14-52M-585Y (Ultra 5-226V/ 16GB/ 1TB/ Win 11 Home SL),Acer,Core Ultra 5,16,1024,Onboard,24590000
Laptop Acer Aspire 14 AI A14-52M-71YQ (Ultra 7-256V/ 16GB/ 1TB/ Win 11 Home SL),Acer,Core Ultra 7,16,1024,Onboard,27490000
Laptop Lenovo LOQ 15IRX9 - 83DV013PVN (i5-13450HX/ GeForce RTX™ 3050/ 12GB/ 512GB/ Win 11 Home SL),Lenovo,Core i5,12,512,NVIDIA Card Rời,25990000
Laptop Gigabyte AORUS 16X ASG-53VNC94SH (i7-14650HX/ GeForce RTX™ 4070/ 16GB/ 1TB/ Win 11 Home SL),Gigabyte,Core i7,16,1024,NVIDIA Card Rời,41690000
Laptop Acer Aspire 7 A715-59G-57TU (i5-12450H/ GeForce RTX™ 3050/ 16GB/ 512GB/ Win 11 Home SL),Acer,Core i5,16,512,NVIDIA Card Rời,20990000
Laptop Acer Aspire 7 A715-59G-73LB (i7-12650H/ GeForce RTX™ 3050/ 16GB/ 512GB/ Win 11 Home SL),Acer,Core i7,16,512,NVIDIA Card Rời,23990000
Laptop Acer Nitro Lite 16 NL16-71G-56WQ (i5-13420H/ GeForce RTX™ 3050/ 16GB/ 512GB/ Win 11 Home SL),Acer,Core i5,16,512,NVIDIA Card Rời,29590000
"Laptop Lenovo Ideapad Slim 5 14AKP10 - 83HX001JVN (Ryzen AI 7 350/ 32GB/ 1TB/ Win 11 Home SL, English)",Lenovo,Ryzen 7,32,1024,AMD Card Rời,31490000
Laptop Msi VenturePro 16 AI A1VEG-003VN (Ultra 7-155H/ GeForce RTX™ 4050/ 16GB/ 512GB/ Win 11 Home),Msi,Core Ultra 7,16,512,NVIDIA Card Rời,36990000
"Laptop Lenovo IdeaPad Slim 3 14IRH10 - 83K00009VN (i7-13620H/ 24GB/ 512GB/ Win 11 Home SL, English)",Lenovo,Core i7,24,512,Onboard,24990000
"Laptop Lenovo IdeaPad Slim 3 15IRH10 - 83K1000GVN (Core i5-13420H/ 24GB/ 512GB/ Win 11 Home SL, English)",Lenovo,Core i5,24,512,Onboard,19990000
Laptop HP OmniBook X 14-fe1010QU - B53KBPA (Snapdragon X1P 42 100/ 16GB/ 512GB/ Win 11 Home SL + Office),Hp,Không rõ,16,512,Onboard,31990000
Apple MacBook Air M3 13.6 inch (8CPU/ 10GPU/ 24GB/ 512GB),Apple,Apple M-Series,24,512,Apple GPU,34290000
Laptop Acer Aspire 5 A515-58P-9841 (i9-13900H/ 16GB/ 512GB/ Win 11 Home SL),Acer,Core i9,16,512,Onboard,23590000
Apple MacBook Air M4 15.3 inch (10CPU/ 10GPU/ 16GB/ 256GB),Apple,Apple M-Series,16,256,Apple GPU,33090000
Apple MacBook Air M4 13.6 inch (10CPU/ 8GPU/ 16GB/ 256GB),Apple,Apple M-Series,16,256,Apple GPU,27890000
Apple MacBook Air M4 13.6 inch (10CPU/ 10GPU/ 16GB/ 512GB),Apple,Apple M-Series,16,512,Apple GPU,33090000
Apple MacBook Air M4 13.6 inch (10CPU/ 10GPU/ 24GB/ 512GB),Apple,Apple M-Series,24,512,Apple GPU,38290000
Laptop Asus Vivobook 14 X1405VA-LY623W (i5-13420H/ 16GB/ 512GB/ Win 11 Home),Asus,Core i5,16,512,Onboard,18190000
"Laptop Lenovo LOQ Essential 15IAX9E - 83LK0079VN (i5-12450HX/ GeForce RTX™ 3050/ 16GB/ 512GB/ Win 11 Home SL, English)",Lenovo,Core i5,16,512,NVIDIA Card Rời,22990000
"Laptop Lenovo IdeaPad Slim 5 OLED 15ARP10 - 83J3002SVN (Ryzen 7 7735HS/ 32GB/ 512GB/ Win 11 Home SL, English)",Lenovo,Ryzen 7,32,512,AMD Card Rời,29990000
Laptop Asus Vivobook 15 X1502VA-BQ886W (i7-13620H/ 16GB/ 512GB/ Win 11 Home),Asus,Core i7,16,512,Onboard,21990000
"Laptop Dell Latitude 3450 L3450-1355U-16512W UMC (i7-1355U/ 16GB/ 512GB/ Win 11 Home SL, English)",Dell,Core i7,16,512,Onboard,25490000
Laptop Acer Predator Helios Neo 16S AI PHN16S-71-95MS (Ultra 9 275HX/ GeForce RTX™ 5070Ti/ 64GB/ 2TB/ Win 11 Home SL),Acer,Core Ultra 9,64,2048,NVIDIA Card Rời,101000000
Laptop Msi Vector 16 HX AI A2XWHG-010VN (Ultra 7-255HX/ GeForce RTX™ 5070Ti/ 16GB/ 512GB/ Win 11 Home),Msi,Core Ultra 7,16,512,NVIDIA Card Rời,67490000
Laptop Asus Vivobook S 16 S5606CA-RI114WS (Ultra 5-225H/ 16GB/ 512GB/ Win 11 Home + Office + Microsoft),Asus,Core Ultra 5,16,512,Onboard,28490000
Laptop Lenovo IdeaPad Slim 3 16IRH10 - 83K20001VN (i7-13620H/ 16GB/ 512GB/ Win 11 Home SL),Lenovo,Core i7,16,512,Onboard,22990000
"Laptop Lenovo IdeaPad Slim 3 14IRH10 - 83K0000BVN (i5-13420H/ 16GB/ 512GB/ Win 11 Home SL, English)",Lenovo,Core i5,16,512,Onboard,22490000
"Laptop Lenovo IdeaPad Slim 3 16IRH10 - 83K20004VN (i7-13620H/ 24GB/ 512GB/ Win 11 Home SL, English)",Lenovo,Core i7,24,512,Onboard,24990000
"Laptop Lenovo IdeaPad Slim 3 15IRH10 - 83K1000JVN (i7-13620H/ 16GB/ 512GB/ Win 11 Home SL, English)",Lenovo,Core i7,16,512,Onboard,22990000
Laptop Asus Zenbook 14 UX3405CA-PZ187WS (Ultra 5-225H/ 16GB/ 512GB/ Win 11 Home + Office + Microsoft),Asus,Core Ultra 5,16,512,Onboard,33390000
Laptop Asus Vivobook 16 A1607QA-MB067WS (Snapdragon X X1 26 100/ 16GB/ 512GB/ Win 11 Home + Office + Microsoft),Asus,Không rõ,16,512,Onboard,20990000
Laptop Asus Zenbook 14 UX3405CA-PZ368WS (Ultra 7-255H/ 16GB/ 512GB/ Win 11 Home + Office + Microsoft),Asus,Core Ultra 7,16,512,Onboard,36990000
Laptop Acer Aspire Lite 15 AL15-41P-R3U5 (Ryzen 7 5700U/ 16GB/ 512GB/ Win 11 Home SL),Acer,Ryzen 3,16,512,AMD Card Rời,15990000
Laptop Acer Nitro ProPanel ANV15-51-56D5 (i5-13420H/ GeForce RTX™ 3050/ 16GB/ 512GB/ Win 11 Home SL),Acer,Core i5,16,512,NVIDIA Card Rời,24590000
Apple MacBook Air M2 13.6 inch (8CPU/ 8GPU/ 16GB/ 256GB),Apple,Apple M-Series,16,256,Apple GPU,24990000
Laptop HP OMEN 14-fb0134TX (AY8V0PA) (Ultra 9-185H/ GeForce RTX™ 4060/ 32GB/ 1TB/ Win 11 Home SL + Office),Hp,Core Ultra 9,32,1024,NVIDIA Card Rời,68990000
Laptop Msi Sword 16 HX B14VEKG-856VN (i7-14700HX/ GeForce RTX™ 4050/ 16GB/ 1TB/ Win 11 Home SEA),Msi,Core i7,16,1024,NVIDIA Card Rời,35190000
Laptop Msi Prestige 13 AI+ Evo A2VMG-040VN (Ultra 7-258V/ 32GB/ 1TB/ Win 11 Home),Msi,Core Ultra 7,32,1024,Onboard,41990000
Laptop Acer Swift 14 AI SF14-51-75VP (Ultra 7-258V/ 32GB/ 1TB/ Win 11 Home SL),Acer,Core Ultra 7,32,1024,Onboard,39290000
Laptop Acer Swift 14 AI SF14-51-53P9 (Ultra 5-226V/ 16GB/ 1TB/ Win 11 Home SL),Acer,Core Ultra 5,16,1024,Onboard,34390000
Laptop Msi Stealth A16 AI+ A3XVGG - 208VN (Ryzen AI 9 HX 370/ GeForce RTX™ 4070/ 32GB/ 2TB/ Win 11 Home),Msi,Ryzen 9,32,2048,NVIDIA Card Rời,72490000
Laptop Msi Cyborg 14 A13UDX-099VN (i7-13620H/ GeForce RTX™ 3050/ 16GB/ 512GB/ Win 11 Home),Msi,Core i7,16,512,NVIDIA Card Rời,25390000
Apple MacBook Pro M4 Pro 14.2 inch (12CPU / 16GPU/ 24GB/ 512GB),Apple,Apple M-Series,24,512,Apple GPU,51990000
Laptop Acer Swift X 14 AI SFX14-72G-79UW (Ultra 7-155H/ GeForce RTX™ 4070/ 32GB/ 1TB/ Win 11 Home SL),Acer,Core Ultra 7,32,1024,NVIDIA Card Rời,53090000
Laptop Acer Swift X 14 AI SFX14-72G-708X (Ultra 7-155H/ GeForce RTX™ 4060/ 32GB/ 1TB/ Win 11 Home SL),Acer,Core Ultra 7,32,1024,NVIDIA Card Rời,46690000
Laptop Msi Modern 15 F13MG-082VN (i5-1335U/ 16GB/ 512GB/ Win 11 Home SL),Msi,Core i5,16,512,Onboard,16690000
Laptop Acer Swift X 14 OLED SFX14-72G-77F9 (Ultra 7-155H/ GeForce RTX™ 4050/ 32GB/ 1TB/ Win 11 Home SL),Acer,Core Ultra 7,32,1024,NVIDIA Card Rời,44190000
Laptop Acer Swift Lite 14 SFL14-51M-56HS (Ultra 5-125U/ 16GB/ 512GB/ Win 11 Home SL),Acer,Core Ultra 5,16,512,Onboard,19690000
Laptop Asus Vivobook S 14 M5406WA-PP071WS (Ryzen AI 9 HX 370/ 32GB/ 1TB/ Win 11 Home + Microsoft 365 Personal 1-year included),Asus,Ryzen 9,32,1024,AMD Card Rời,33990000
Laptop Asus TUF Gaming A14 FA401WV-RG062WS (Ryzen AI 9 HX 370/ GeForce RTX™ 4060/ 16GB/ 1TB/ Win 11 Home + Office + Microsoft),Asus,Ryzen 9,16,1024,NVIDIA Card Rời,44990000
"Laptop Acer Swift Go AI OLED SFG14-73-57FZ (Ultra 5-125H/ 16GB/ 512GB/ Win 11 Home SL, English)",Acer,Core Ultra 5,16,512,Onboard,24090000
"Laptop Acer Swift Go AI OLED SFG14-73-75YM (Ultra 7-155H/ 16GB/ 512GB/ Win 11 Home SL, English)",Acer,Core Ultra 7,16,512,Onboard,26990000
Laptop Msi Cyborg 14 A13VE - 090VN (i7-13620H/ GeForce RTX™ 4050/ 16GB/ 512GB/ Win 11 Home SEA),Msi,Core i7,16,512,NVIDIA Card Rời,27390000
Laptop Acer Nitro ProPanel ANV16-41-R36Y (Ryzen 7 8845HS/ GeForce RTX™ 4050/ 16GB/ 512GB/ Win 11 Home SL),Acer,Ryzen 3,16,512,NVIDIA Card Rời,31490000
Laptop Acer Nitro ProPanel ANV16-41-R6ZY (Ryzen 5 8645HS/ GeForce RTX™ 3050/ 16GB/ 512GB/ Win 11 Home SL),Acer,Ryzen 5,16,512,NVIDIA Card Rời,30990000
Laptop HP Probook 440 G11 - A74B5PT (Ultra 5-125U/ 16GB/ 512GB/ Win 11 Home),Hp,Core Ultra 5,16,512,Onboard,25490000
Laptop HP Probook 440 G11 - A74BHPT (Ultra 7-155U/ 16GB/ 512GB/ Win 11 Home),Hp,Core Ultra 7,16,512,Onboard,29990000
Laptop Acer Predator Helios Neo 14 PHN14-51-96HG (Ultra 9-185H/ GeForce RTX™ 4070/ 32GB/ 1TB/ Win 11 Home SL),Acer,Core Ultra 9,32,1024,NVIDIA Card Rời,59990000
Laptop HP 14-ep1007TU - 9Z2W1PA (Core 7 150U/ 16GB/ 512GB/ Win 11 Home),Hp,Core i7,16,512,Onboard,27990000
Laptop Dell Inspiron 14 5440 - 7FN5J (Core 7 150U/ 16GB/ 1TB/ Win 11 Home SL + Office),Dell,Core i7,16,1024,Onboard,26790000
Laptop Dell Inspiron 5440 G14 - N4I7204W1 (Core 7 150U/ 16GB/ 512GB/ Win 11 Home SL + Office),Dell,Core i7,16,512,Onboard,26490000
Laptop Dell Inspiron 5440 G14 - N4I5211W1 (Core 5 120U/ 16GB/ 512GB/ Win 11 Home SL + Office),Dell,Core i5,16,512,Onboard,24490000
Laptop Acer Swift Go AI 2024 Gen 2 SFG14-73-71ZX (Ultra 7-155H/ 16GB/ 512GB/ Win 11 Home SL),Acer,Core Ultra 7,16,512,Onboard,26990000
Laptop Msi Prestige 13 AI Evo A1MG-062VN (Ultra 7-155H/ 32GB/ 1TB/ Win 11 Home),Msi,Core Ultra 7,32,1024,Onboard,36990000
Laptop HP Victus 16-s0140AX - 9Q987PA (Ryzen 7 7840HS/ GeForce RTX™ 4050/ 32GB/ 512GB/ Win 11 Home SL),Hp,Ryzen 7,32,512,NVIDIA Card Rời,35858000
Laptop Msi Sword 16 HX B14VFKG-045VN (i7-14700HX/ GeForce RTX™ 4060/ 16GB/ 1TB/ Win 11 Home SEA),Msi,Core i7,16,1024,NVIDIA Card Rời,39990000
Laptop Acer Aspire 5 A514-56P-742F (NX.KHRSV.005) (i7-1355U/ 16GB/ 512GB/ Win 11 Home),Acer,Core i7,16,512,Onboard,19990000
Laptop HP 15-fd0083TU - 8D736PA (i7-1355U/ 16GB/ 512GB/ Win 11 Home),Hp,Core i7,16,512,Onboard,22490000
Laptop Dell Inspiron T7430 - N7430I58W1 (i5-1335U/ 8GB/ 512GB/ Win 11 Home SL + Office),Dell,Core i5,8,512,Onboard,25490000
Apple MacBook Pro M5 14.2 inch (10CPU / 10GPU/ 24GB/ 512GB),Apple,Không rõ,24,512,Apple GPU,46890000
Apple MacBook Pro M5 14.2 inch (10CPU / 10GPU/ 32GB/ 512GB),Apple,Không rõ,32,512,Apple GPU,51490000
Laptop Acer Predator Triton 14 AI PT14-52T-99TU (Ultra 9-288V/ GeForce RTX™ 5070/ 32GB/ 2TB/ Win 11 Home SL),Acer,Core Ultra 9,32,2048,NVIDIA Card Rời,91990000
Laptop Lenovo IdeaPad Slim 3 15ARP10 - 83K700EPVN (Ryzen 5 7535HS/ 16GB/ 512GB/ Win 11 Home SL),Lenovo,Ryzen 5,16,512,AMD Card Rời,23490000
MacBook Pro M5 14 inch 2025 (10 CPU/ 10 GPU/ 32GB/ 1TB),Apple,Không rõ,32,1024,Apple GPU,56790000
Laptop Lenovo Yoga 7 2-in-1 14ILL10 - 83JQ0094VN (Ultra 7-258V/ 32GB/ 1TB/ Win 11 Home + Office + Microsoft),Lenovo,Core Ultra 7,32,1024,Onboard,39990000
Laptop Lenovo Legion 5 15IRX10 - 83LY00HWVN (i7-14700HX/ GeForce RTX™ 5060/ 16GB/ 512GB/ Win 11 Home SL + Office),Lenovo,Core i7,16,512,NVIDIA Card Rời,49490000
Laptop HP OmniBook 5 16-ag1066AU - BZ7S9PA (Ryzen AI 7 350/ 16GB/ 512GB/ Win 11 Home + Office + Microsoft),Hp,Ryzen 7,16,512,AMD Card Rời,28890000
Laptop Lenovo Legion 5 15AHP10 - 83M00030VN (Ryzen 7 260/ GeForce RTX™ 5060/ 24GB/ 1TB/ Win 11 Home SL + Office),Hp,Ryzen 7,24,1024,NVIDIA Card Rời,46990000
Laptop Lenovo Thinkpad X9-15 Gen 1 - 21Q60054VN (Ultra 7-258V/ 32GB/ 1TB/ Win 11 Pro),Lenovo,Core Ultra 7,32,1024,Onboard,55590000
Laptop Asus Vivobook 15 X1502VA-BQ885W (i5-13420H/ 16GB/ 512GB/ Win 11 Home),Asus,Core i5,16,512,Onboard,18190000
Laptop Lenovo Legion 5 15IRX10 - 83LY00A7VN (i7-14700HX/ GeForce RTX™ 5050/ 16GB/ 512GB/ Win 11 Home SL + Office),Lenovo,Core i7,16,512,NVIDIA Card Rời,46990000
Laptop Asus ROG Zephyrus G16 GU605CR-QR107W (Ultra 9-285H/ GeForce RTX™ 5070Ti/ 32GB/ 1TB/ Win 11 Home),Asus,Core Ultra 9,32,1024,NVIDIA Card Rời,76590000
Laptop Asus Zenbook 14 UM3406KA-PP113WS (Ryzen AI 7 350/ 16GB/ 512GB/ Win 11 Home + Office + Microsoft),Asus,Ryzen 7,16,512,AMD Card Rời,28990000
Laptop Msi Crosshair 16 HX AI D2XWFKG-035VN (Ultra 9-275HX/ GeForce RTX™ 5060/ 32GB/ 1TB/ Win 11 Home SL),Msi,Core Ultra 9,32,1024,NVIDIA Card Rời,59990000
Laptop Lenovo ThinkPad X9-14 Gen 1 - 21QA006KVN (Ultra 7-258V/ 32GB/ 1TB/ Win 11 Pro),Lenovo,Core Ultra 7,32,1024,Onboard,52590000
Laptop Lenovo Legion Pro 5 16IAX10 - 83F3002GVN (Ultra 9 275HX/ GeForce RTX™ 5070/ 32GB/ 1TB/ Win 11 Home SL + Office),Lenovo,Core Ultra 9,32,1024,NVIDIA Card Rời,68990000
Laptop Lenovo Legion Pro 5 16IAX10 - 83F3003VVN (Ultra 9-275HX/ GeForce RTX™ 5060/ 32GB/ 1TB/ Win 11 Home SL + Office),Lenovo,Core Ultra 9,32,1024,NVIDIA Card Rời,63990000
Laptop Lenovo Legion Pro 7 16IAX10H - 83F5008WVN (Ultra 9 275HX/ GeForce RTX™ 5080/ 32GB/ 1TB/ Win 11 Home),Lenovo,Core Ultra 9,32,1024,NVIDIA Card Rời,105990000
Laptop HP 15-fd0304TU - A2NL5PA (i3-1315U/ 8GB/ 512GB/ Win 11 Home),Hp,Core i3,8,512,Onboard,13490000
Laptop Asus Vivobook 15 X1504VA-BQ2076W (i5-1334U/ 16GB/ 512GB/ Win 11 Home),Asus,Core i5,16,512,Onboard,16490000
Laptop Lenovo IdeaPad Slim 5 OLED 15ARP10 - 83J3001DVN (Ryzen 7 7735HS/ 16GB/ 512GB/ Win 11 Home SL),Lenovo,Ryzen 7,16,512,AMD Card Rời,25990000
Laptop Acer Aspire Lite 16 AL16-51P-72S2 (i7-1255U/ 16GB/ 512GB/ Win 11 Home SL),Acer,Core i7,16,512,Onboard,16690000
Laptop Asus Zenbook 14 UX3405CA-PZ204WS (Ultra 9-285H/ 32GB/ 1TB/ Win 11 Home + Office + Microsoft),Asus,Core Ultra 9,32,1024,Onboard,40290000
Laptop Asus Vivobook 14 A1407CA-LY008WS (Ultra 5-225H/ 16GB/ 512GB/ Win 11 Home + Office + Microsoft),Asus,Core Ultra 5,16,512,Onboard,21990000
"Laptop Lenovo IdeaPad Slim 3 14IRH10 - 83K0004JVN (i5-13420H/ 16GB/ 512GB/ Win 11 Home SL, English)",Lenovo,Core i5,16,512,Onboard,20990000
Laptop Msi Katana 15 B13VEK-2256VN (i7-13620H/ GeForce RTX™ 4050/ 16GB/ 512GB/ Win 11 Home SEA),Msi,Core i7,16,512,NVIDIA Card Rời,26490000
Laptop Lenovo Legion Pro 7 16IRX9H - 83DE001NVN (i9-14900HX/ GeForce RTX™ 4080/ 32GB/ 1TB/ Win 11 Home SL),Lenovo,Core i9,32,1024,NVIDIA Card Rời,88990000
Apple MacBook Pro M3 14 inch (8CPU / 10GPU/ 8GB/ 512GB),Apple,Apple M-Series,8,512,Apple GPU,40890000
Apple MacBook Air M2 15.3 inch (8CPU / 10GPU/ 8GB/ 256GB),Apple,Apple M-Series,8,256,Apple GPU,34790000
Laptop Acer Aspire 5 A514-56P-55K5 (NX.KHRSV.003) (i5-1335U/ 16GB/ 512GB/ Win 11 Home),Acer,Core i5,16,512,Onboard,16990000
Apple MacBook Air M2 13.6 inch (8CPU / 8GPU/ 16GB/ 256GB),Apple,Apple M-Series,16,256,Apple GPU,36890000
Apple MacBook Pro M2 13.3 inch (8CPU / 10GPU/ 8GB/ 512GB),Apple,Apple M-Series,8,512,Apple GPU,39300000
Apple MacBook Air M2 13.6 inch (8CPU / 8GPU/ 8GB/ 256GB),Apple,Apple M-Series,8,256,Apple GPU,31900000
Laptop Asus ROG Strix G16 G614PM-S5181WS (Ryzen 9 8940HX/ GeForce RTX™ 5060/ 16GB/ 1TB/ Win 11 Home),Asus,Ryzen 9,16,1024,NVIDIA Card Rời,48990000
Apple MacBook Neo A18 Pro 13 inch (6CPU / 5GPU/ 8GB/ 512GB),Apple,Không rõ,8,512,Apple GPU,18990000
Apple MacBook Neo A18 Pro 13 inch (6CPU / 5GPU/ 8GB/ 256GB),Apple,Không rõ,8,256,Apple GPU,16490000
Apple MacBook Pro M5 Max 16.2 inch (18CPU / 40GPU/ 48GB/ 2TB),Apple,Không rõ,Không rõ,2048,Apple GPU,119990000
Apple MacBook Pro M5 Max 16.2 inch (18CPU / 32GPU/ 36GB/ 2TB),Apple,Không rõ,36,2048,Apple GPU,104990000
Apple MacBook Pro M5 Pro 16.2 inch (18CPU / 20GPU/ 48GB/ 1TB),Apple,Không rõ,Không rõ,1024,Apple GPU,83990000
Apple MacBook Pro M5 Pro 16.2 inch (18CPU / 20GPU/ 24GB/ 1TB),Apple,Không rõ,24,1024,Apple GPU,72990000
Apple MacBook Pro M5 Max 14.2 inch (18CPU / 32GPU/ 36GB/ 2TB),Apple,Không rõ,36,2048,Apple GPU,97990000
Apple MacBook Pro M5 Pro 14.2 inch (15CPU / 16GPU/ 24GB/ 2TB),Apple,Không rõ,24,2048,Apple GPU,70990000
Apple MacBook Pro M5 Pro 14.2 inch (18CPU / 20GPU/ 24GB/ 2TB),Apple,Không rõ,24,2048,Apple GPU,76490000
Apple MacBook Pro M5 Pro 14.2 inch (15CPU / 16GPU/ 24GB/ 1TB),Apple,Không rõ,24,1024,Apple GPU,59990000
Apple MacBook Air M5 15.3 inch (10CPU / 10GPU/ 24GB/ 1TB),Apple,Không rõ,24,1024,Apple GPU,45990000
Apple MacBook Air M5 15.3 inch (10CPU / 10GPU/ 16GB/ 1TB),Apple,Không rõ,16,1024,Apple GPU,40490000
Apple MacBook Air M5 15.3 inch (10CPU / 10GPU/ 16GB/ 512GB),Apple,Không rõ,16,512,Apple GPU,34990000
Apple MacBook Air M5 13.6 inch (10CPU / 10GPU/ 24GB/ 1TB),Apple,Không rõ,24,1024,Apple GPU,40990000
Apple MacBook Air M5 13.6 inch (10CPU / 10GPU/ 16GB/ 1TB),Apple,Không rõ,16,1024,Apple GPU,35490000
Apple MacBook Air M5 13.6 inch (10CPU / 8GPU/ 16GB/ 512GB),Apple,Không rõ,16,512,Apple GPU,29990000
MacBook Pro M5 14 inch 2025 (10 CPU/ 10 GPU/ 16GB/ 4TB/ 96W),Apple,Không rõ,16,4096,Apple GPU,71890000
MacBook Pro M5 14 inch 2025 (10 CPU/ 10 GPU/ 16GB/ 4TB),Apple,Không rõ,16,4096,Apple GPU,71490000
MacBook Pro M5 14 inch 2025 (10 CPU/ 10 GPU/ 32GB/ 4TB/ 96W),Apple,Không rõ,32,4096,Apple GPU,81690000
MacBook Pro M5 14 inch 2025 (10 CPU/ 10 GPU/ 32GB/ 4TB),Apple,Không rõ,32,4096,Apple GPU,81290000
MacBook Pro M5 14 inch 2025 (10 CPU/ 10 GPU/ 32GB/ 2TB/ 96W),Apple,Không rõ,32,2048,Apple GPU,66990000
MacBook Pro M5 14 inch 2025 (10 CPU/ 10 GPU/ 32GB/ 2TB),Apple,Không rõ,32,2048,Apple GPU,66590000
MacBook Pro M5 14 inch 2025 (10 CPU/ 10 GPU/ 32GB/ 1TB/ 96W),Apple,Không rõ,32,1024,Apple GPU,57290000
MacBook Pro M5 14 inch 2025 (10 CPU/ 10 GPU/ 24GB/ 4TB/ 96W),Apple,Không rõ,24,4096,Apple GPU,76790000
MacBook Pro M5 14 inch 2025 (10 CPU/ 10 GPU/ 24GB/ 4TB),Apple,Không rõ,24,4096,Apple GPU,76390000
MacBook Pro M5 14 inch 2025 (10 CPU/ 10 GPU/ 24GB/ 2TB/ 96W),Apple,Không rõ,24,2048,Apple GPU,62190000
MacBook Pro M5 14 inch 2025 (10 CPU/ 10 GPU/ 24GB/ 2TB),Apple,Không rõ,24,2048,Apple GPU,61690000
MacBook Pro M5 14 inch 2025 (10 CPU/ 10 GPU/ 24GB/ 1TB/ 96W),Apple,Không rõ,24,1024,Apple GPU,52290000
MacBook Pro M5 14 inch 2025 (10 CPU/ 10 GPU/ 16GB/ 512GB/ 96W),Apple,Không rõ,16,512,Apple GPU,42490000
MacBook Pro M5 14 inch 2025 (10 CPU/ 10 GPU/ 16GB/ 2TB/ 96W),Apple,Không rõ,16,2048,Apple GPU,57290000
MacBook Pro M5 14 inch 2025 (10 CPU/ 10 GPU/ 16GB/ 2TB),Apple,Không rõ,16,2048,Apple GPU,56790000
MacBook Pro M5 14 inch 2025 (10 CPU/ 10 GPU/ 16GB/ 1TB/ 96W),Apple,Không rõ,16,1024,Apple GPU,47490000
